source_index,title,artist_credit,primary_artist,release_groups,isrcs,cover_art_status,apple_music_search,spotify_search,youtube_music_search,musicbrainz_release_group_search,verified_cover_page_urls
0,#YAK (You Already Know),Da Brat feat. Sage the Gemini & Eric Bellinger,Da Brat,#YAK (You Already Know),USUYG1088031,verified_cover_page_only_no_caa_asset_in_musicbrainz,https://music.apple.com/us/search?term=%23YAK+%28You+Already+Know%29+Da+Brat+feat.+Sage+the+Gemini+%26+Eric+Bellinger,https://open.spotify.com/search/%23YAK%20%28You%20Already%20Know%29%20Da%20Brat%20feat.%20Sage%20the%20Gemini%20%26%20Eric%20Bellinger,https://music.youtube.com/search?q=%23YAK+%28You+Already+Know%29+Da+Brat+feat.+Sage+the+Gemini+%26+Eric+Bellinger,https://musicbrainz.org/search?query=%23YAK+%28You+Already+Know%29&type=release_group&method=indexed,"[{""platform"": ""Apple Music"", ""url"": ""https://music.apple.com/us/album/yak-you-already-know-feat-sage-the-gemini-eric/1063913230"", ""verification_note"": ""Apple Music page verified as the album/single page and displays the cover image, but the exact Apple CDN artwork URL was not exposed in the browsed page text.""}, {""platform"": ""Spotify album"", ""url"": ""https://open.spotify.com/album/7LzMsakfw7UT4Fed8IWbuz"", ""verification_note"": ""Spotify album URL is listed on the MusicBrainz release page. Exact Spotify image asset requires Spotify oEmbed/API lookup.""}, {""platform"": ""MusicBrainz release"", ""url"": ""https://musicbrainz.org/release/2987a21b-2345-4c5e-aa9b-84eab93bc2e5"", ""verification_note"": ""MusicBrainz release page says Cover art (0) / No images available.""}]"
1,2 Piece,"Mally Mall feat. Migos, Eric Bellinger, Jeremih & Jazz Lazer",Mally Mall,Triple X-Mas,USUYG1087260,needs_api_verification,https://music.apple.com/us/search?term=2+Piece+Mally+Mall+feat.+Migos%2C+Eric+Bellinger%2C+Jeremih+%26+Jazz+Lazer,https://open.spotify.com/search/2%20Piece%20Mally%20Mall%20feat.%20Migos%2C%20Eric%20Bellinger%2C%20Jeremih%20%26%20Jazz%20Lazer,https://music.youtube.com/search?q=2+Piece+Mally+Mall+feat.+Migos%2C+Eric+Bellinger%2C+Jeremih+%26+Jazz+Lazer,https://musicbrainz.org/search?query=Triple+X-Mas&type=release_group&method=indexed,[]
2,4 Digits,DJ Mustard feat. Fabolous & Eric Bellinger,DJ Mustard,10 Summers,,needs_api_verification,https://music.apple.com/us/search?term=4+Digits+DJ+Mustard+feat.+Fabolous+%26+Eric+Bellinger,https://open.spotify.com/search/4%20Digits%20DJ%20Mustard%20feat.%20Fabolous%20%26%20Eric%20Bellinger,https://music.youtube.com/search?q=4+Digits+DJ+Mustard+feat.+Fabolous+%26+Eric+Bellinger,https://musicbrainz.org/search?query=10+Summers&type=release_group&method=indexed,[]
3,4 Digits,"Mustard, Fabolous & Eric Bellinger",Mustard,2010s RAP HITS : 2010 - 2014 Era,QMJMT1400119,needs_api_verification,https://music.apple.com/us/search?term=4+Digits+Mustard%2C+Fabolous+%26+Eric+Bellinger,https://open.spotify.com/search/4%20Digits%20Mustard%2C%20Fabolous%20%26%20Eric%20Bellinger,https://music.youtube.com/search?q=4+Digits+Mustard%2C+Fabolous+%26+Eric+Bellinger,https://musicbrainz.org/search?query=2010s+RAP+HITS+%3A+2010+-+2014+Era&type=release_group&method=indexed,[]
4,Action,Nef the Pharaoh feat. Ty Dolla $ign & Eric Bellinger,Nef the Pharaoh,Neffy Got Wings,USUYG1091796,needs_api_verification,https://music.apple.com/us/search?term=Action+Nef+the+Pharaoh+feat.+Ty+Dolla+%24ign+%26+Eric+Bellinger,https://open.spotify.com/search/Action%20Nef%20the%20Pharaoh%20feat.%20Ty%20Dolla%20%24ign%20%26%20Eric%20Bellinger,https://music.youtube.com/search?q=Action+Nef+the+Pharaoh+feat.+Ty+Dolla+%24ign+%26+Eric+Bellinger,https://musicbrainz.org/search?query=Neffy+Got+Wings&type=release_group&method=indexed,[]
5,Alive,Kemba feat. Eric Bellinger,Kemba,Gilda,,needs_api_verification,https://music.apple.com/us/search?term=Alive+Kemba+feat.+Eric+Bellinger,https://open.spotify.com/search/Alive%20Kemba%20feat.%20Eric%20Bellinger,https://music.youtube.com/search?q=Alive+Kemba+feat.+Eric+Bellinger,https://musicbrainz.org/search?query=Gilda&type=release_group&method=indexed,[]
6,Anyway,"DJ Carisma feat. Tory Lanez, Sage the Gemini, Eric Bellinger & Mishon",DJ Carisma,Anyway,,needs_api_verification,https://music.apple.com/us/search?term=Anyway+DJ+Carisma+feat.+Tory+Lanez%2C+Sage+the+Gemini%2C+Eric+Bellinger+%26+Mishon,https://open.spotify.com/search/Anyway%20DJ%20Carisma%20feat.%20Tory%20Lanez%2C%20Sage%20the%20Gemini%2C%20Eric%20Bellinger%20%26%20Mishon,https://music.youtube.com/search?q=Anyway+DJ+Carisma+feat.+Tory+Lanez%2C+Sage+the+Gemini%2C+Eric+Bellinger+%26+Mishon,https://musicbrainz.org/search?query=Anyway&type=release_group&method=indexed,[]
7,Anyway,"DJ Carisma feat. Tory Lanez, Sage the Gemini, Eric Bellinger & Mishon",DJ Carisma,Anyway,,needs_api_verification,https://music.apple.com/us/search?term=Anyway+DJ+Carisma+feat.+Tory+Lanez%2C+Sage+the+Gemini%2C+Eric+Bellinger+%26+Mishon,https://open.spotify.com/search/Anyway%20DJ%20Carisma%20feat.%20Tory%20Lanez%2C%20Sage%20the%20Gemini%2C%20Eric%20Bellinger%20%26%20Mishon,https://music.youtube.com/search?q=Anyway+DJ+Carisma+feat.+Tory+Lanez%2C+Sage+the+Gemini%2C+Eric+Bellinger+%26+Mishon,https://musicbrainz.org/search?query=Anyway&type=release_group&method=indexed,[]
8,April 21st,G Perico feat. Eric Bellinger,G Perico,Blue T-Shirt Leaks,,needs_api_verification,https://music.apple.com/us/search?term=April+21st+G+Perico+feat.+Eric+Bellinger,https://open.spotify.com/search/April%2021st%20G%20Perico%20feat.%20Eric%20Bellinger,https://music.youtube.com/search?q=April+21st+G+Perico+feat.+Eric+Bellinger,https://musicbrainz.org/search?query=Blue+T-Shirt+Leaks&type=release_group&method=indexed,[]
9,Back It Up,BJ the Chicago Kid & Eric Bellinger,BJ the Chicago Kid,1123,USUYG1250781,needs_api_verification,https://music.apple.com/us/search?term=Back+It+Up+BJ+the+Chicago+Kid+%26+Eric+Bellinger,https://open.spotify.com/search/Back%20It%20Up%20BJ%20the%20Chicago%20Kid%20%26%20Eric%20Bellinger,https://music.youtube.com/search?q=Back+It+Up+BJ+the+Chicago+Kid+%26+Eric+Bellinger,https://musicbrainz.org/search?query=1123&type=release_group&method=indexed,[]
10,Best Head Ever,The Game feat. Tyga & Eric Bellinger,The Game,Blood Moon: Year of the Wolf,USKO11401325,needs_api_verification,https://music.apple.com/us/search?term=Best+Head+Ever+The+Game+feat.+Tyga+%26+Eric+Bellinger,https://open.spotify.com/search/Best%20Head%20Ever%20The%20Game%20feat.%20Tyga%20%26%20Eric%20Bellinger,https://music.youtube.com/search?q=Best+Head+Ever+The+Game+feat.+Tyga+%26+Eric+Bellinger,https://musicbrainz.org/search?query=Blood+Moon%3A+Year+of+the+Wolf&type=release_group&method=indexed,[]
11,Big Body Benz,Ye Ali feat. Eric Bellinger,Ye Ali,Passion & Patience,,needs_api_verification,https://music.apple.com/us/search?term=Big+Body+Benz+Ye+Ali+feat.+Eric+Bellinger,https://open.spotify.com/search/Big%20Body%20Benz%20Ye%20Ali%20feat.%20Eric%20Bellinger,https://music.youtube.com/search?q=Big+Body+Benz+Ye+Ali+feat.+Eric+Bellinger,https://musicbrainz.org/search?query=Passion+%26+Patience&type=release_group&method=indexed,[]
12,Body Calling,K Camp feat. Eric Bellinger & Aaron Page,K Camp,Kiss 6,,needs_api_verification,https://music.apple.com/us/search?term=Body+Calling+K+Camp+feat.+Eric+Bellinger+%26+Aaron+Page,https://open.spotify.com/search/Body%20Calling%20K%20Camp%20feat.%20Eric%20Bellinger%20%26%20Aaron%20Page,https://music.youtube.com/search?q=Body+Calling+K+Camp+feat.+Eric+Bellinger+%26+Aaron+Page,https://musicbrainz.org/search?query=Kiss+6&type=release_group&method=indexed,[]
13,Bonus King Los Imperfections,"Lola Monroe, Eric Bellinger & Carmen",Lola Monroe,Lipstick & Pistols,,needs_api_verification,https://music.apple.com/us/search?term=Bonus+King+Los+Imperfections+Lola+Monroe%2C+Eric+Bellinger+%26+Carmen,https://open.spotify.com/search/Bonus%20King%20Los%20Imperfections%20Lola%20Monroe%2C%20Eric%20Bellinger%20%26%20Carmen,https://music.youtube.com/search?q=Bonus+King+Los+Imperfections+Lola+Monroe%2C+Eric+Bellinger+%26+Carmen,https://musicbrainz.org/search?query=Lipstick+%26+Pistols&type=release_group&method=indexed,[]
14,Boss Talk,Dubb feat. Eric Bellinger,Dubb,Never Content,,needs_api_verification,https://music.apple.com/us/search?term=Boss+Talk+Dubb+feat.+Eric+Bellinger,https://open.spotify.com/search/Boss%20Talk%20Dubb%20feat.%20Eric%20Bellinger,https://music.youtube.com/search?q=Boss+Talk+Dubb+feat.+Eric+Bellinger,https://musicbrainz.org/search?query=Never+Content&type=release_group&method=indexed,[]
15,Broken,RaVaughn & Eric Bellinger,RaVaughn,Love Always... The Introduction,,needs_api_verification,https://music.apple.com/us/search?term=Broken+RaVaughn+%26+Eric+Bellinger,https://open.spotify.com/search/Broken%20RaVaughn%20%26%20Eric%20Bellinger,https://music.youtube.com/search?q=Broken+RaVaughn+%26+Eric+Bellinger,https://musicbrainz.org/search?query=Love+Always...+The+Introduction&type=release_group&method=indexed,[]
16,Can I,"The Game, DJ Drama, Mike & Keys & Eric Bellinger",The Game,Gangsta Grillz: Every Movie Needs A Trailer | Gangsta Grillz: E.M.N.T - The Credits,US39N2565884,needs_api_verification,https://music.apple.com/us/search?term=Can+I+The+Game%2C+DJ+Drama%2C+Mike+%26+Keys+%26+Eric+Bellinger,https://open.spotify.com/search/Can%20I%20The%20Game%2C%20DJ%20Drama%2C%20Mike%20%26%20Keys%20%26%20Eric%20Bellinger,https://music.youtube.com/search?q=Can+I+The+Game%2C+DJ+Drama%2C+Mike+%26+Keys+%26+Eric+Bellinger,https://musicbrainz.org/search?query=Gangsta+Grillz%3A+Every+Movie+Needs+A+Trailer&type=release_group&method=indexed,[]
17,Can't Let You Go,Mozzy feat. Eric Bellinger,Mozzy,Beyond Bulletproof,USUYG1306062,needs_api_verification,https://music.apple.com/us/search?term=Can%27t+Let+You+Go+Mozzy+feat.+Eric+Bellinger,https://open.spotify.com/search/Can%27t%20Let%20You%20Go%20Mozzy%20feat.%20Eric%20Bellinger,https://music.youtube.com/search?q=Can%27t+Let+You+Go+Mozzy+feat.+Eric+Bellinger,https://musicbrainz.org/search?query=Beyond+Bulletproof&type=release_group&method=indexed,[]
18,Can't Let You Go,Mozzy feat. Eric Bellinger,Mozzy,Beyond Bulletproof,USUYG1303333,needs_api_verification,https://music.apple.com/us/search?term=Can%27t+Let+You+Go+Mozzy+feat.+Eric+Bellinger,https://open.spotify.com/search/Can%27t%20Let%20You%20Go%20Mozzy%20feat.%20Eric%20Bellinger,https://music.youtube.com/search?q=Can%27t+Let+You+Go+Mozzy+feat.+Eric+Bellinger,https://musicbrainz.org/search?query=Beyond+Bulletproof&type=release_group&method=indexed,[]
19,Change,"Jermaine Dupri, Ne-Yo, Johntá Austin, Common, Gary Clark Jr., Eric Bellinger, Rotimi, Detroit Youth Choir, PJ Morton, Smokie Norful, Wanya Morris, Big Rube, Bryan-Michael Cox, Anthony Hamilton, Keedron Bryant, Kirk Franklin & Jac Ross",Jermaine Dupri,Change,USLZJ2054305,needs_api_verification,https://music.apple.com/us/search?term=Change+Jermaine+Dupri%2C+Ne-Yo%2C+Johnt%C3%A1+Austin%2C+Common%2C+Gary+Clark+Jr.%2C+Eric+Bellinger%2C+Rotimi%2C+Detroit+Youth+Choir%2C+PJ+Morton%2C+Smokie+Norful%2C+Wanya+Morris%2C+Big+Rube%2C+Bryan-Michael+Cox%2C+Anthony+Hamilton%2C+Keedron+Bryant%2C+Kirk+Franklin+%26+Jac+Ross,https://open.spotify.com/search/Change%20Jermaine%20Dupri%2C%20Ne-Yo%2C%20Johnt%C3%A1%20Austin%2C%20Common%2C%20Gary%20Clark%20Jr.%2C%20Eric%20Bellinger%2C%20Rotimi%2C%20Detroit%20Youth%20Choir%2C%20PJ%20Morton%2C%20Smokie%20Norful%2C%20Wanya%20Morris%2C%20Big%20Rube%2C%20Bryan-Michael%20Cox%2C%20Anthony%20Hamilton%2C%20Keedron%20Bryant%2C%20Kirk%20Franklin%20%26%20Jac%20Ross,https://music.youtube.com/search?q=Change+Jermaine+Dupri%2C+Ne-Yo%2C+Johnt%C3%A1+Austin%2C+Common%2C+Gary+Clark+Jr.%2C+Eric+Bellinger%2C+Rotimi%2C+Detroit+Youth+Choir%2C+PJ+Morton%2C+Smokie+Norful%2C+Wanya+Morris%2C+Big+Rube%2C+Bryan-Michael+Cox%2C+Anthony+Hamilton%2C+Keedron+Bryant%2C+Kirk+Franklin+%26+Jac+Ross,https://musicbrainz.org/search?query=Change&type=release_group&method=indexed,[]
20,Cheat Code Mode,Nieman J & Eric Bellinger feat. Young Thug,Nieman J,Cheat Code Mode | Optimal Music,USUYG1300853,needs_api_verification,https://music.apple.com/us/search?term=Cheat+Code+Mode+Nieman+J+%26+Eric+Bellinger+feat.+Young+Thug,https://open.spotify.com/search/Cheat%20Code%20Mode%20Nieman%20J%20%26%20Eric%20Bellinger%20feat.%20Young%20Thug,https://music.youtube.com/search?q=Cheat+Code+Mode+Nieman+J+%26+Eric+Bellinger+feat.+Young+Thug,https://musicbrainz.org/search?query=Cheat+Code+Mode&type=release_group&method=indexed,[]
21,Cheat Code Mode,"Young Thug, Nieman J, Eric Bellinger & Joe Moses",Young Thug,Cheat Code Mode,USUYG1300854,needs_api_verification,https://music.apple.com/us/search?term=Cheat+Code+Mode+Young+Thug%2C+Nieman+J%2C+Eric+Bellinger+%26+Joe+Moses,https://open.spotify.com/search/Cheat%20Code%20Mode%20Young%20Thug%2C%20Nieman%20J%2C%20Eric%20Bellinger%20%26%20Joe%20Moses,https://music.youtube.com/search?q=Cheat+Code+Mode+Young+Thug%2C+Nieman+J%2C+Eric+Bellinger+%26+Joe+Moses,https://musicbrainz.org/search?query=Cheat+Code+Mode&type=release_group&method=indexed,[]
22,Circles,"The Game feat. Q-Tip, Eric Bellinger & Sha Sha",The Game,The Documentary 2 | The Documentary 2 + 2.5,,needs_api_verification,https://music.apple.com/us/search?term=Circles+The+Game+feat.+Q-Tip%2C+Eric+Bellinger+%26+Sha+Sha,https://open.spotify.com/search/Circles%20The%20Game%20feat.%20Q-Tip%2C%20Eric%20Bellinger%20%26%20Sha%20Sha,https://music.youtube.com/search?q=Circles+The+Game+feat.+Q-Tip%2C+Eric+Bellinger+%26+Sha+Sha,https://musicbrainz.org/search?query=The+Documentary+2&type=release_group&method=indexed,[]
23,Connected,Chip feat. Eric Bellinger,Chip,Believe & Achieve: Episode 2,,needs_api_verification,https://music.apple.com/us/search?term=Connected+Chip+feat.+Eric+Bellinger,https://open.spotify.com/search/Connected%20Chip%20feat.%20Eric%20Bellinger,https://music.youtube.com/search?q=Connected+Chip+feat.+Eric+Bellinger,https://musicbrainz.org/search?query=Believe+%26+Achieve%3A+Episode+2&type=release_group&method=indexed,[]
24,Consistency,Trevor Jackson & Eric Bellinger,Trevor Jackson,It’s Complicated,QZNMT2451592,needs_api_verification,https://music.apple.com/us/search?term=Consistency+Trevor+Jackson+%26+Eric+Bellinger,https://open.spotify.com/search/Consistency%20Trevor%20Jackson%20%26%20Eric%20Bellinger,https://music.youtube.com/search?q=Consistency+Trevor+Jackson+%26+Eric+Bellinger,https://musicbrainz.org/search?query=It%E2%80%99s+Complicated&type=release_group&method=indexed,[]
25,Couch Standing,Nieman J & Eric Bellinger feat. Jeremih & Wale,Nieman J,Optimal Music,USUYG1306139,needs_api_verification,https://music.apple.com/us/search?term=Couch+Standing+Nieman+J+%26+Eric+Bellinger+feat.+Jeremih+%26+Wale,https://open.spotify.com/search/Couch%20Standing%20Nieman%20J%20%26%20Eric%20Bellinger%20feat.%20Jeremih%20%26%20Wale,https://music.youtube.com/search?q=Couch+Standing+Nieman+J+%26+Eric+Bellinger+feat.+Jeremih+%26+Wale,https://musicbrainz.org/search?query=Optimal+Music&type=release_group&method=indexed,[]
26,Dat Ass,Jacob Latimore feat. Eric Bellinger,Jacob Latimore,Leo Season,,needs_api_verification,https://music.apple.com/us/search?term=Dat+Ass+Jacob+Latimore+feat.+Eric+Bellinger,https://open.spotify.com/search/Dat%20Ass%20Jacob%20Latimore%20feat.%20Eric%20Bellinger,https://music.youtube.com/search?q=Dat+Ass+Jacob+Latimore+feat.+Eric+Bellinger,https://musicbrainz.org/search?query=Leo+Season&type=release_group&method=indexed,[]
27,Death Penalty,"The Game feat. Fabolous, Eric Bellinger & Slim Thug",The Game,California Republic,,needs_api_verification,https://music.apple.com/us/search?term=Death+Penalty+The+Game+feat.+Fabolous%2C+Eric+Bellinger+%26+Slim+Thug,https://open.spotify.com/search/Death%20Penalty%20The%20Game%20feat.%20Fabolous%2C%20Eric%20Bellinger%20%26%20Slim%20Thug,https://music.youtube.com/search?q=Death+Penalty+The+Game+feat.+Fabolous%2C+Eric+Bellinger+%26+Slim+Thug,https://musicbrainz.org/search?query=California+Republic&type=release_group&method=indexed,[]
28,Do Ya,"Da Boy Dame feat. Ty Dolla $ign, Adrian Marcel & Eric Bellinger",Da Boy Dame,Hot This Week 2,,needs_api_verification,https://music.apple.com/us/search?term=Do+Ya+Da+Boy+Dame+feat.+Ty+Dolla+%24ign%2C+Adrian+Marcel+%26+Eric+Bellinger,https://open.spotify.com/search/Do%20Ya%20Da%20Boy%20Dame%20feat.%20Ty%20Dolla%20%24ign%2C%20Adrian%20Marcel%20%26%20Eric%20Bellinger,https://music.youtube.com/search?q=Do+Ya+Da+Boy+Dame+feat.+Ty+Dolla+%24ign%2C+Adrian+Marcel+%26+Eric+Bellinger,https://musicbrainz.org/search?query=Hot+This+Week+2&type=release_group&method=indexed,[]
29,Drop It,Blaq Tuxedo feat. Eric Bellinger,Blaq Tuxedo,Blaq Tuxedo,GBKPL1958459,needs_api_verification,https://music.apple.com/us/search?term=Drop+It+Blaq+Tuxedo+feat.+Eric+Bellinger,https://open.spotify.com/search/Drop%20It%20Blaq%20Tuxedo%20feat.%20Eric%20Bellinger,https://music.youtube.com/search?q=Drop+It+Blaq+Tuxedo+feat.+Eric+Bellinger,https://musicbrainz.org/search?query=Blaq+Tuxedo&type=release_group&method=indexed,[]
30,Energy,Vedo feat. Eric Bellinger,Vedo,1320,,needs_api_verification,https://music.apple.com/us/search?term=Energy+Vedo+feat.+Eric+Bellinger,https://open.spotify.com/search/Energy%20Vedo%20feat.%20Eric%20Bellinger,https://music.youtube.com/search?q=Energy+Vedo+feat.+Eric+Bellinger,https://musicbrainz.org/search?query=1320&type=release_group&method=indexed,[]
31,Exposed,Mally Mall feat. Eric Bellinger & Lil Twist,Mally Mall,"Mally's World, Vol. 1",,needs_api_verification,https://music.apple.com/us/search?term=Exposed+Mally+Mall+feat.+Eric+Bellinger+%26+Lil+Twist,https://open.spotify.com/search/Exposed%20Mally%20Mall%20feat.%20Eric%20Bellinger%20%26%20Lil%20Twist,https://music.youtube.com/search?q=Exposed+Mally+Mall+feat.+Eric+Bellinger+%26+Lil+Twist,https://musicbrainz.org/search?query=Mally%27s+World%2C+Vol.+1&type=release_group&method=indexed,[]
32,Facetime,"L.A. Leakers, Eric Bellinger, Wale & AD",L.A. Leakers,Facetime,,needs_api_verification,https://music.apple.com/us/search?term=Facetime+L.A.+Leakers%2C+Eric+Bellinger%2C+Wale+%26+AD,https://open.spotify.com/search/Facetime%20L.A.%20Leakers%2C%20Eric%20Bellinger%2C%20Wale%20%26%20AD,https://music.youtube.com/search?q=Facetime+L.A.+Leakers%2C+Eric+Bellinger%2C+Wale+%26+AD,https://musicbrainz.org/search?query=Facetime&type=release_group&method=indexed,[]
33,Fed Up,"Jonn Hart feat. Rayven Justice, Eric Bellinger & Rossi",Jonn Hart,Cool Kid Cartel Collection 2,USUYG1056257,needs_api_verification,https://music.apple.com/us/search?term=Fed+Up+Jonn+Hart+feat.+Rayven+Justice%2C+Eric+Bellinger+%26+Rossi,https://open.spotify.com/search/Fed%20Up%20Jonn%20Hart%20feat.%20Rayven%20Justice%2C%20Eric%20Bellinger%20%26%20Rossi,https://music.youtube.com/search?q=Fed+Up+Jonn+Hart+feat.+Rayven+Justice%2C+Eric+Bellinger+%26+Rossi,https://musicbrainz.org/search?query=Cool+Kid+Cartel+Collection+2&type=release_group&method=indexed,[]
34,Fed Up,"Jonn Hart feat. Rayven Justice, Eric Bellinger & Rossi",Jonn Hart,"Heart 2 Hart 3 | iHart Collection, Pt. 1",USUYG1079055,needs_api_verification,https://music.apple.com/us/search?term=Fed+Up+Jonn+Hart+feat.+Rayven+Justice%2C+Eric+Bellinger+%26+Rossi,https://open.spotify.com/search/Fed%20Up%20Jonn%20Hart%20feat.%20Rayven%20Justice%2C%20Eric%20Bellinger%20%26%20Rossi,https://music.youtube.com/search?q=Fed+Up+Jonn+Hart+feat.+Rayven+Justice%2C+Eric+Bellinger+%26+Rossi,https://musicbrainz.org/search?query=Heart+2+Hart+3&type=release_group&method=indexed,[]
35,Follow My Lead,Chipmunk feat. Eric B,Chipmunk,Transition,,needs_api_verification,https://music.apple.com/us/search?term=Follow+My+Lead+Chipmunk+feat.+Eric+B,https://open.spotify.com/search/Follow%20My%20Lead%20Chipmunk%20feat.%20Eric%20B,https://music.youtube.com/search?q=Follow+My+Lead+Chipmunk+feat.+Eric+B,https://musicbrainz.org/search?query=Transition&type=release_group&method=indexed,[]
36,Freak,"Mally Mall feat. Eric Bellinger, Chinx Drugz & Too $hort",Mally Mall,Triple X-Mas,USUYG1087255,needs_api_verification,https://music.apple.com/us/search?term=Freak+Mally+Mall+feat.+Eric+Bellinger%2C+Chinx+Drugz+%26+Too+%24hort,https://open.spotify.com/search/Freak%20Mally%20Mall%20feat.%20Eric%20Bellinger%2C%20Chinx%20Drugz%20%26%20Too%20%24hort,https://music.youtube.com/search?q=Freak+Mally+Mall+feat.+Eric+Bellinger%2C+Chinx+Drugz+%26+Too+%24hort,https://musicbrainz.org/search?query=Triple+X-Mas&type=release_group&method=indexed,[]
37,Freak,Chrishan feat. Eric Bellinger,Chrishan,"TieDye, Pt. 2",QZK6P2218352,needs_api_verification,https://music.apple.com/us/search?term=Freak+Chrishan+feat.+Eric+Bellinger,https://open.spotify.com/search/Freak%20Chrishan%20feat.%20Eric%20Bellinger,https://music.youtube.com/search?q=Freak+Chrishan+feat.+Eric+Bellinger,https://musicbrainz.org/search?query=TieDye%2C+Pt.+2&type=release_group&method=indexed,[]
38,Fresh,Kid Ink feat. Eric Bellinger,Kid Ink,Rocketshipshawty,,needs_api_verification,https://music.apple.com/us/search?term=Fresh+Kid+Ink+feat.+Eric+Bellinger,https://open.spotify.com/search/Fresh%20Kid%20Ink%20feat.%20Eric%20Bellinger,https://music.youtube.com/search?q=Fresh+Kid+Ink+feat.+Eric+Bellinger,https://musicbrainz.org/search?query=Rocketshipshawty&type=release_group&method=indexed,[]
39,Fwu,Joe Moses feat. Eric Bellinger,Joe Moses,Westside II,,needs_api_verification,https://music.apple.com/us/search?term=Fwu+Joe+Moses+feat.+Eric+Bellinger,https://open.spotify.com/search/Fwu%20Joe%20Moses%20feat.%20Eric%20Bellinger,https://music.youtube.com/search?q=Fwu+Joe+Moses+feat.+Eric+Bellinger,https://musicbrainz.org/search?query=Westside+II&type=release_group&method=indexed,[]
40,Go Crazy,Rayven Justice feat. Eric Bellinger,Rayven Justice,Do It Justice,,needs_api_verification,https://music.apple.com/us/search?term=Go+Crazy+Rayven+Justice+feat.+Eric+Bellinger,https://open.spotify.com/search/Go%20Crazy%20Rayven%20Justice%20feat.%20Eric%20Bellinger,https://music.youtube.com/search?q=Go+Crazy+Rayven+Justice+feat.+Eric+Bellinger,https://musicbrainz.org/search?query=Do+It+Justice&type=release_group&method=indexed,[]
41,Hard To Remember -Season0.5- Remix / Bonus Track,AK-69 feat. Eric Bellinger,AK-69,LIVE : live,,needs_api_verification,https://music.apple.com/us/search?term=Hard+To+Remember+-Season0.5-+Remix+%2F+Bonus+Track+AK-69+feat.+Eric+Bellinger,https://open.spotify.com/search/Hard%20To%20Remember%20-Season0.5-%20Remix%20/%20Bonus%20Track%20AK-69%20feat.%20Eric%20Bellinger,https://music.youtube.com/search?q=Hard+To+Remember+-Season0.5-+Remix+%2F+Bonus+Track+AK-69+feat.+Eric+Bellinger,https://musicbrainz.org/search?query=LIVE+%3A+live&type=release_group&method=indexed,[]
42,Hotbox,Ne-Yo feat. Eric Bellinger,Ne-Yo,GOOD MAN,USUM71805564,needs_api_verification,https://music.apple.com/us/search?term=Hotbox+Ne-Yo+feat.+Eric+Bellinger,https://open.spotify.com/search/Hotbox%20Ne-Yo%20feat.%20Eric%20Bellinger,https://music.youtube.com/search?q=Hotbox+Ne-Yo+feat.+Eric+Bellinger,https://musicbrainz.org/search?query=GOOD+MAN&type=release_group&method=indexed,[]
43,How I Feel,T.I. feat. Eric Bellinger & Killer Mike,T.I.,The L.I.B.R.A. (Legend Is Back Running Atlanta),USUYG1337008,needs_api_verification,https://music.apple.com/us/search?term=How+I+Feel+T.I.+feat.+Eric+Bellinger+%26+Killer+Mike,https://open.spotify.com/search/How%20I%20Feel%20T.I.%20feat.%20Eric%20Bellinger%20%26%20Killer%20Mike,https://music.youtube.com/search?q=How+I+Feel+T.I.+feat.+Eric+Bellinger+%26+Killer+Mike,https://musicbrainz.org/search?query=The+L.I.B.R.A.+%28Legend+Is+Back+Running+Atlanta%29&type=release_group&method=indexed,[]
44,I Don't Want Her,League of Starz feat. Eric Bellinger & Problem,League of Starz,LOS.FM (Deluxe Edition),USUYG1034992,needs_api_verification,https://music.apple.com/us/search?term=I+Don%27t+Want+Her+League+of+Starz+feat.+Eric+Bellinger+%26+Problem,https://open.spotify.com/search/I%20Don%27t%20Want%20Her%20League%20of%20Starz%20feat.%20Eric%20Bellinger%20%26%20Problem,https://music.youtube.com/search?q=I+Don%27t+Want+Her+League+of+Starz+feat.+Eric+Bellinger+%26+Problem,https://musicbrainz.org/search?query=LOS.FM+%28Deluxe+Edition%29&type=release_group&method=indexed,[]
45,I'm Not Sorry,DEAN feat. Eric Bellinger,DEAN,I'm Not Sorry | SXSW 2016 Showcasing Artists,KRUM71500049,needs_api_verification,https://music.apple.com/us/search?term=I%27m+Not+Sorry+DEAN+feat.+Eric+Bellinger,https://open.spotify.com/search/I%27m%20Not%20Sorry%20DEAN%20feat.%20Eric%20Bellinger,https://music.youtube.com/search?q=I%27m+Not+Sorry+DEAN+feat.+Eric+Bellinger,https://musicbrainz.org/search?query=I%27m+Not+Sorry&type=release_group&method=indexed,[]
46,Intuition,Selena Gomez & the Scene feat. Eric Bellinger,Selena Gomez & the Scene,A Year Without Rain | When the Sun Goes Down,USHR11031317,needs_api_verification,https://music.apple.com/us/search?term=Intuition+Selena+Gomez+%26+the+Scene+feat.+Eric+Bellinger,https://open.spotify.com/search/Intuition%20Selena%20Gomez%20%26%20the%20Scene%20feat.%20Eric%20Bellinger,https://music.youtube.com/search?q=Intuition+Selena+Gomez+%26+the+Scene+feat.+Eric+Bellinger,https://musicbrainz.org/search?query=A+Year+Without+Rain&type=release_group&method=indexed,[]
47,Intuition,Selena Gomez & the Scene feat. Eric Bellinger,Selena Gomez & the Scene,A Year Without Rain,USHR12244653,needs_api_verification,https://music.apple.com/us/search?term=Intuition+Selena+Gomez+%26+the+Scene+feat.+Eric+Bellinger,https://open.spotify.com/search/Intuition%20Selena%20Gomez%20%26%20the%20Scene%20feat.%20Eric%20Bellinger,https://music.youtube.com/search?q=Intuition+Selena+Gomez+%26+the+Scene+feat.+Eric+Bellinger,https://musicbrainz.org/search?query=A+Year+Without+Rain&type=release_group&method=indexed,[]
48,Involved,"Ye Ali, Eric Bellinger & Zae France",Ye Ali,THJ Radio Vol. 1,,needs_api_verification,https://music.apple.com/us/search?term=Involved+Ye+Ali%2C+Eric+Bellinger+%26+Zae+France,https://open.spotify.com/search/Involved%20Ye%20Ali%2C%20Eric%20Bellinger%20%26%20Zae%20France,https://music.youtube.com/search?q=Involved+Ye+Ali%2C+Eric+Bellinger+%26+Zae+France,https://musicbrainz.org/search?query=THJ+Radio+Vol.+1&type=release_group&method=indexed,[]
49,JADED,Mozzy feat. Eric Bellinger,Mozzy,CHILDREN OF THE SLUMS,USA2P2355148 | USA2P2406429,needs_api_verification,https://music.apple.com/us/search?term=JADED+Mozzy+feat.+Eric+Bellinger,https://open.spotify.com/search/JADED%20Mozzy%20feat.%20Eric%20Bellinger,https://music.youtube.com/search?q=JADED+Mozzy+feat.+Eric+Bellinger,https://musicbrainz.org/search?query=CHILDREN+OF+THE+SLUMS&type=release_group&method=indexed,[]
50,Just in You,Victor Oladipo feat. Eric Bellinger,Victor Oladipo,V.O.,USUYG1223186,needs_api_verification,https://music.apple.com/us/search?term=Just+in+You+Victor+Oladipo+feat.+Eric+Bellinger,https://open.spotify.com/search/Just%20in%20You%20Victor%20Oladipo%20feat.%20Eric%20Bellinger,https://music.youtube.com/search?q=Just+in+You+Victor+Oladipo+feat.+Eric+Bellinger,https://musicbrainz.org/search?query=V.O.&type=release_group&method=indexed,[]
51,Last Time,Joe Moses feat. Eric Bellinger,Joe Moses,Westside,USUYG1260893,needs_api_verification,https://music.apple.com/us/search?term=Last+Time+Joe+Moses+feat.+Eric+Bellinger,https://open.spotify.com/search/Last%20Time%20Joe%20Moses%20feat.%20Eric%20Bellinger,https://music.youtube.com/search?q=Last+Time+Joe+Moses+feat.+Eric+Bellinger,https://musicbrainz.org/search?query=Westside&type=release_group&method=indexed,[]
52,Living My Best Life,Jim Jones feat. Eric Bellinger,Jim Jones,Wasted Talent,USUYG1189783,needs_api_verification,https://music.apple.com/us/search?term=Living+My+Best+Life+Jim+Jones+feat.+Eric+Bellinger,https://open.spotify.com/search/Living%20My%20Best%20Life%20Jim%20Jones%20feat.%20Eric%20Bellinger,https://music.youtube.com/search?q=Living+My+Best+Life+Jim+Jones+feat.+Eric+Bellinger,https://musicbrainz.org/search?query=Wasted+Talent&type=release_group&method=indexed,[]
53,Long Distance Love,Bulby York feat. Eric Bellinger & Candy Gloster,Bulby York,Epic & Ting,,needs_api_verification,https://music.apple.com/us/search?term=Long+Distance+Love+Bulby+York+feat.+Eric+Bellinger+%26+Candy+Gloster,https://open.spotify.com/search/Long%20Distance%20Love%20Bulby%20York%20feat.%20Eric%20Bellinger%20%26%20Candy%20Gloster,https://music.youtube.com/search?q=Long+Distance+Love+Bulby+York+feat.+Eric+Bellinger+%26+Candy+Gloster,https://musicbrainz.org/search?query=Epic+%26+Ting&type=release_group&method=indexed,[]
54,Make Me - Remix,Teedra Moses feat. Eric Bellinger & Curren$y,Teedra Moses,Make Me (remix),CAK472200601,needs_api_verification,https://music.apple.com/us/search?term=Make+Me+-+Remix+Teedra+Moses+feat.+Eric+Bellinger+%26+Curren%24y,https://open.spotify.com/search/Make%20Me%20-%20Remix%20Teedra%20Moses%20feat.%20Eric%20Bellinger%20%26%20Curren%24y,https://music.youtube.com/search?q=Make+Me+-+Remix+Teedra+Moses+feat.+Eric+Bellinger+%26+Curren%24y,https://musicbrainz.org/search?query=Make+Me+%28remix%29&type=release_group&method=indexed,[]
55,My Blessing,Grafh feat. Eric Bellinger,Grafh,Good Energy,,needs_api_verification,https://music.apple.com/us/search?term=My+Blessing+Grafh+feat.+Eric+Bellinger,https://open.spotify.com/search/My%20Blessing%20Grafh%20feat.%20Eric%20Bellinger,https://music.youtube.com/search?q=My+Blessing+Grafh+feat.+Eric+Bellinger,https://musicbrainz.org/search?query=Good+Energy&type=release_group&method=indexed,[]
56,My Yang,Rayven Justice & Eric Bellinger,Rayven Justice,I Have A Dream,USUYG1054708,needs_api_verification,https://music.apple.com/us/search?term=My+Yang+Rayven+Justice+%26+Eric+Bellinger,https://open.spotify.com/search/My%20Yang%20Rayven%20Justice%20%26%20Eric%20Bellinger,https://music.youtube.com/search?q=My+Yang+Rayven+Justice+%26+Eric+Bellinger,https://musicbrainz.org/search?query=I+Have+A+Dream&type=release_group&method=indexed,[]
57,Nasty,Kirko Bangz feat. Eric Bellinger,Kirko Bangz,Now That U Here,,needs_api_verification,https://music.apple.com/us/search?term=Nasty+Kirko+Bangz+feat.+Eric+Bellinger,https://open.spotify.com/search/Nasty%20Kirko%20Bangz%20feat.%20Eric%20Bellinger,https://music.youtube.com/search?q=Nasty+Kirko+Bangz+feat.+Eric+Bellinger,https://musicbrainz.org/search?query=Now+That+U+Here&type=release_group&method=indexed,[]
58,New Oldie,"Eric Bellinger, Snoop Dogg & Usher",Eric Bellinger,Snoop Dogg Presents Algorithm,USRC12103465,needs_api_verification,https://music.apple.com/us/search?term=New+Oldie+Eric+Bellinger%2C+Snoop+Dogg+%26+Usher,https://open.spotify.com/search/New%20Oldie%20Eric%20Bellinger%2C%20Snoop%20Dogg%20%26%20Usher,https://music.youtube.com/search?q=New+Oldie+Eric+Bellinger%2C+Snoop+Dogg+%26+Usher,https://musicbrainz.org/search?query=Snoop+Dogg+Presents+Algorithm&type=release_group&method=indexed,[]
59,New Oldie,Snoop Dogg & Eric Bellinger feat. Glenn Lewis,Snoop Dogg,Snoop Dogg Presents Algorithm,USUG12106345,needs_api_verification,https://music.apple.com/us/search?term=New+Oldie+Snoop+Dogg+%26+Eric+Bellinger+feat.+Glenn+Lewis,https://open.spotify.com/search/New%20Oldie%20Snoop%20Dogg%20%26%20Eric%20Bellinger%20feat.%20Glenn%20Lewis,https://music.youtube.com/search?q=New+Oldie+Snoop+Dogg+%26+Eric+Bellinger+feat.+Glenn+Lewis,https://musicbrainz.org/search?query=Snoop+Dogg+Presents+Algorithm&type=release_group&method=indexed,[]
60,Newness,Jade Novah & Eric Bellinger,Jade Novah,Stages,,needs_api_verification,https://music.apple.com/us/search?term=Newness+Jade+Novah+%26+Eric+Bellinger,https://open.spotify.com/search/Newness%20Jade%20Novah%20%26%20Eric%20Bellinger,https://music.youtube.com/search?q=Newness+Jade+Novah+%26+Eric+Bellinger,https://musicbrainz.org/search?query=Stages&type=release_group&method=indexed,[]
61,No Flutes,Angel feat. Eric Bellinger,Angel,Woman,,needs_api_verification,https://music.apple.com/us/search?term=No+Flutes+Angel+feat.+Eric+Bellinger,https://open.spotify.com/search/No%20Flutes%20Angel%20feat.%20Eric%20Bellinger,https://music.youtube.com/search?q=No+Flutes+Angel+feat.+Eric+Bellinger,https://musicbrainz.org/search?query=Woman&type=release_group&method=indexed,[]
62,No Sleep,I.D. feat. Eric Bellinger,I.D.,No Sleep,,needs_api_verification,https://music.apple.com/us/search?term=No+Sleep+I.D.+feat.+Eric+Bellinger,https://open.spotify.com/search/No%20Sleep%20I.D.%20feat.%20Eric%20Bellinger,https://music.youtube.com/search?q=No+Sleep+I.D.+feat.+Eric+Bellinger,https://musicbrainz.org/search?query=No+Sleep&type=release_group&method=indexed,[]
63,Nothing,Mase feat. Eric Bellinger,Mase,Nothing,,needs_api_verification,https://music.apple.com/us/search?term=Nothing+Mase+feat.+Eric+Bellinger,https://open.spotify.com/search/Nothing%20Mase%20feat.%20Eric%20Bellinger,https://music.youtube.com/search?q=Nothing+Mase+feat.+Eric+Bellinger,https://musicbrainz.org/search?query=Nothing&type=release_group&method=indexed,[]
64,On My Way,"DJ Era feat. O.T. Genasis, Eric Bellinger",DJ Era,,,needs_api_verification,https://music.apple.com/us/search?term=On+My+Way+DJ+Era+feat.+O.T.+Genasis%2C+Eric+Bellinger,https://open.spotify.com/search/On%20My%20Way%20DJ%20Era%20feat.%20O.T.%20Genasis%2C%20Eric%20Bellinger,https://music.youtube.com/search?q=On+My+Way+DJ+Era+feat.+O.T.+Genasis%2C+Eric+Bellinger,https://musicbrainz.org/search?query=On+My+Way&type=release_group&method=indexed,[]
65,On My Way,"O.T. Genasis, Eric Bellinger, AD & DJ Era",O.T. Genasis,On My Way,,needs_api_verification,https://music.apple.com/us/search?term=On+My+Way+O.T.+Genasis%2C+Eric+Bellinger%2C+AD+%26+DJ+Era,https://open.spotify.com/search/On%20My%20Way%20O.T.%20Genasis%2C%20Eric%20Bellinger%2C%20AD%20%26%20DJ%20Era,https://music.youtube.com/search?q=On+My+Way+O.T.+Genasis%2C+Eric+Bellinger%2C+AD+%26+DJ+Era,https://musicbrainz.org/search?query=On+My+Way&type=release_group&method=indexed,[]
66,On the Green,Mistah F.A.B. feat. Eric Bellinger,Mistah F.A.B.,Cuban Cigars & Rose Champagne,USUYG1281057,needs_api_verification,https://music.apple.com/us/search?term=On+the+Green+Mistah+F.A.B.+feat.+Eric+Bellinger,https://open.spotify.com/search/On%20the%20Green%20Mistah%20F.A.B.%20feat.%20Eric%20Bellinger,https://music.youtube.com/search?q=On+the+Green+Mistah+F.A.B.+feat.+Eric+Bellinger,https://musicbrainz.org/search?query=Cuban+Cigars+%26+Rose+Champagne&type=release_group&method=indexed,[]
67,On the Low,"Angel, Eric Bellinger & Wretch 32",Angel,Possession With Intent,,needs_api_verification,https://music.apple.com/us/search?term=On+the+Low+Angel%2C+Eric+Bellinger+%26+Wretch+32,https://open.spotify.com/search/On%20the%20Low%20Angel%2C%20Eric%20Bellinger%20%26%20Wretch%2032,https://music.youtube.com/search?q=On+the+Low+Angel%2C+Eric+Bellinger+%26+Wretch+32,https://musicbrainz.org/search?query=Possession+With+Intent&type=release_group&method=indexed,[]
68,On the Low,"Angel feat. Jeremih, Eric Bellinger, Dappy & Wretch 32",Angel,Leyla,GBUM71503674,needs_api_verification,https://music.apple.com/us/search?term=On+the+Low+Angel+feat.+Jeremih%2C+Eric+Bellinger%2C+Dappy+%26+Wretch+32,https://open.spotify.com/search/On%20the%20Low%20Angel%20feat.%20Jeremih%2C%20Eric%20Bellinger%2C%20Dappy%20%26%20Wretch%2032,https://music.youtube.com/search?q=On+the+Low+Angel+feat.+Jeremih%2C+Eric+Bellinger%2C+Dappy+%26+Wretch+32,https://musicbrainz.org/search?query=Leyla&type=release_group&method=indexed,[]
69,One Mo Gin,AD feat. Eric Bellinger,AD,Regional Departure,USLD91714911,needs_api_verification,https://music.apple.com/us/search?term=One+Mo+Gin+AD+feat.+Eric+Bellinger,https://open.spotify.com/search/One%20Mo%20Gin%20AD%20feat.%20Eric%20Bellinger,https://music.youtube.com/search?q=One+Mo+Gin+AD+feat.+Eric+Bellinger,https://musicbrainz.org/search?query=Regional+Departure&type=release_group&method=indexed,[]
70,One Reason (Flex),Wale & Eric Bellinger,Wale,One Reason (Flex),,needs_api_verification,https://music.apple.com/us/search?term=One+Reason+%28Flex%29+Wale+%26+Eric+Bellinger,https://open.spotify.com/search/One%20Reason%20%28Flex%29%20Wale%20%26%20Eric%20Bellinger,https://music.youtube.com/search?q=One+Reason+%28Flex%29+Wale+%26+Eric+Bellinger,https://musicbrainz.org/search?query=One+Reason+%28Flex%29&type=release_group&method=indexed,[]
71,One Reason (Flex),Wale feat. Eric Bellinger,Wale,Priorities 5,,needs_api_verification,https://music.apple.com/us/search?term=One+Reason+%28Flex%29+Wale+feat.+Eric+Bellinger,https://open.spotify.com/search/One%20Reason%20%28Flex%29%20Wale%20feat.%20Eric%20Bellinger,https://music.youtube.com/search?q=One+Reason+%28Flex%29+Wale+feat.+Eric+Bellinger,https://musicbrainz.org/search?query=Priorities+5&type=release_group&method=indexed,[]
72,Or Nah,"The Game feat. Too $hort, Problem, AV & Eric Bellinger",The Game,Or Nah,,needs_api_verification,https://music.apple.com/us/search?term=Or+Nah+The+Game+feat.+Too+%24hort%2C+Problem%2C+AV+%26+Eric+Bellinger,https://open.spotify.com/search/Or%20Nah%20The%20Game%20feat.%20Too%20%24hort%2C%20Problem%2C%20AV%20%26%20Eric%20Bellinger,https://music.youtube.com/search?q=Or+Nah+The+Game+feat.+Too+%24hort%2C+Problem%2C+AV+%26+Eric+Bellinger,https://musicbrainz.org/search?query=Or+Nah&type=release_group&method=indexed,[]
73,Or Nah,"The Game feat. Too $hort, Problem, AV & Eric Bellinger",The Game,Blood Moon: Year of the Wolf,USKO11401016,needs_api_verification,https://music.apple.com/us/search?term=Or+Nah+The+Game+feat.+Too+%24hort%2C+Problem%2C+AV+%26+Eric+Bellinger,https://open.spotify.com/search/Or%20Nah%20The%20Game%20feat.%20Too%20%24hort%2C%20Problem%2C%20AV%20%26%20Eric%20Bellinger,https://music.youtube.com/search?q=Or+Nah+The+Game+feat.+Too+%24hort%2C+Problem%2C+AV+%26+Eric+Bellinger,https://musicbrainz.org/search?query=Blood+Moon%3A+Year+of+the+Wolf&type=release_group&method=indexed,[]
74,Questions,DJ Luke Nasty & Eric Bellinger,DJ Luke Nasty,Highway Music 2,,needs_api_verification,https://music.apple.com/us/search?term=Questions+DJ+Luke+Nasty+%26+Eric+Bellinger,https://open.spotify.com/search/Questions%20DJ%20Luke%20Nasty%20%26%20Eric%20Bellinger,https://music.youtube.com/search?q=Questions+DJ+Luke+Nasty+%26+Eric+Bellinger,https://musicbrainz.org/search?query=Highway+Music+2&type=release_group&method=indexed,[]
75,Read Receipts,Sy Ari da Kid feat. Eric Bellinger,Sy Ari da Kid,After the Heartbreak,,needs_api_verification,https://music.apple.com/us/search?term=Read+Receipts+Sy+Ari+da+Kid+feat.+Eric+Bellinger,https://open.spotify.com/search/Read%20Receipts%20Sy%20Ari%20da%20Kid%20feat.%20Eric%20Bellinger,https://music.youtube.com/search?q=Read+Receipts+Sy+Ari+da+Kid+feat.+Eric+Bellinger,https://musicbrainz.org/search?query=After+the+Heartbreak&type=release_group&method=indexed,[]
76,Read Receipts,Sy Ari da Kid feat. Eric Bellinger,Sy Ari da Kid,Sy Ari & R&B Friends,,needs_api_verification,https://music.apple.com/us/search?term=Read+Receipts+Sy+Ari+da+Kid+feat.+Eric+Bellinger,https://open.spotify.com/search/Read%20Receipts%20Sy%20Ari%20da%20Kid%20feat.%20Eric%20Bellinger,https://music.youtube.com/search?q=Read+Receipts+Sy+Ari+da+Kid+feat.+Eric+Bellinger,https://musicbrainz.org/search?query=Sy+Ari+%26+R%26B+Friends&type=release_group&method=indexed,[]
77,Ready for It,Kevin Ross & Eric Bellinger,Kevin Ross,"Ready for It | Midnight Microdose, Vol. 2",USUYG1498590,needs_api_verification,https://music.apple.com/us/search?term=Ready+for+It+Kevin+Ross+%26+Eric+Bellinger,https://open.spotify.com/search/Ready%20for%20It%20Kevin%20Ross%20%26%20Eric%20Bellinger,https://music.youtube.com/search?q=Ready+for+It+Kevin+Ross+%26+Eric+Bellinger,https://musicbrainz.org/search?query=Ready+for+It&type=release_group&method=indexed,[]
78,Real Emotions,Elliott Trent feat. Eric Bellinger,Elliott Trent,The DownTime,QZHN31954915,needs_api_verification,https://music.apple.com/us/search?term=Real+Emotions+Elliott+Trent+feat.+Eric+Bellinger,https://open.spotify.com/search/Real%20Emotions%20Elliott%20Trent%20feat.%20Eric%20Bellinger,https://music.youtube.com/search?q=Real+Emotions+Elliott+Trent+feat.+Eric+Bellinger,https://musicbrainz.org/search?query=The+DownTime&type=release_group&method=indexed,[]
79,Rich Sex,Konshens feat. Eric Bellinger & Moyann,Konshens,Pool Party,,needs_api_verification,https://music.apple.com/us/search?term=Rich+Sex+Konshens+feat.+Eric+Bellinger+%26+Moyann,https://open.spotify.com/search/Rich%20Sex%20Konshens%20feat.%20Eric%20Bellinger%20%26%20Moyann,https://music.youtube.com/search?q=Rich+Sex+Konshens+feat.+Eric+Bellinger+%26+Moyann,https://musicbrainz.org/search?query=Pool+Party&type=release_group&method=indexed,[]
80,Right Away,Audio Push feat. Eric Bellinger,Audio Push,No Rest... For the Blessed,,needs_api_verification,https://music.apple.com/us/search?term=Right+Away+Audio+Push+feat.+Eric+Bellinger,https://open.spotify.com/search/Right%20Away%20Audio%20Push%20feat.%20Eric%20Bellinger,https://music.youtube.com/search?q=Right+Away+Audio+Push+feat.+Eric+Bellinger,https://musicbrainz.org/search?query=No+Rest...+For+the+Blessed&type=release_group&method=indexed,[]
81,Right Here,Wale feat. Eric Bellinger,Wale,Free Lunch,USWB11801965,needs_api_verification,https://music.apple.com/us/search?term=Right+Here+Wale+feat.+Eric+Bellinger,https://open.spotify.com/search/Right%20Here%20Wale%20feat.%20Eric%20Bellinger,https://music.youtube.com/search?q=Right+Here+Wale+feat.+Eric+Bellinger,https://musicbrainz.org/search?query=Free+Lunch&type=release_group&method=indexed,[]
82,Ruthless,"Bone Thugs feat. Layzie Bone, Flesh-N-Bone, Eric Bellinger",Bone Thugs,New Waves,USKO11700425,needs_api_verification,https://music.apple.com/us/search?term=Ruthless+Bone+Thugs+feat.+Layzie+Bone%2C+Flesh-N-Bone%2C+Eric+Bellinger,https://open.spotify.com/search/Ruthless%20Bone%20Thugs%20feat.%20Layzie%20Bone%2C%20Flesh-N-Bone%2C%20Eric%20Bellinger,https://music.youtube.com/search?q=Ruthless+Bone+Thugs+feat.+Layzie+Bone%2C+Flesh-N-Bone%2C+Eric+Bellinger,https://musicbrainz.org/search?query=New+Waves&type=release_group&method=indexed,[]
83,Same Page,Mýa feat. Eric Bellinger,Mýa,Sweet XVI,,needs_api_verification,https://music.apple.com/us/search?term=Same+Page+M%C3%BDa+feat.+Eric+Bellinger,https://open.spotify.com/search/Same%20Page%20M%C3%BDa%20feat.%20Eric%20Bellinger,https://music.youtube.com/search?q=Same+Page+M%C3%BDa+feat.+Eric+Bellinger,https://musicbrainz.org/search?query=Sweet+XVI&type=release_group&method=indexed,[]
84,Say,A.D. & Sorry Jaynari feat. Kid Ink & Eric Bellinger,A.D.,Last of the '80s,QZ7SP1700007,needs_api_verification,https://music.apple.com/us/search?term=Say+A.D.+%26+Sorry+Jaynari+feat.+Kid+Ink+%26+Eric+Bellinger,https://open.spotify.com/search/Say%20A.D.%20%26%20Sorry%20Jaynari%20feat.%20Kid%20Ink%20%26%20Eric%20Bellinger,https://music.youtube.com/search?q=Say+A.D.+%26+Sorry+Jaynari+feat.+Kid+Ink+%26+Eric+Bellinger,https://musicbrainz.org/search?query=Last+of+the+%2780s&type=release_group&method=indexed,[]
85,Second Hand Smoke,Sage the Gemini feat. Eric Bellinger,Sage the Gemini,Remember Me,USUG11400039,needs_api_verification,https://music.apple.com/us/search?term=Second+Hand+Smoke+Sage+the+Gemini+feat.+Eric+Bellinger,https://open.spotify.com/search/Second%20Hand%20Smoke%20Sage%20the%20Gemini%20feat.%20Eric%20Bellinger,https://music.youtube.com/search?q=Second+Hand+Smoke+Sage+the+Gemini+feat.+Eric+Bellinger,https://musicbrainz.org/search?query=Remember+Me&type=release_group&method=indexed,[]
86,Second Hand Smoke,Sage the Gemini feat. Eric Bellinger,Sage the Gemini,Remember Me,,needs_api_verification,https://music.apple.com/us/search?term=Second+Hand+Smoke+Sage+the+Gemini+feat.+Eric+Bellinger,https://open.spotify.com/search/Second%20Hand%20Smoke%20Sage%20the%20Gemini%20feat.%20Eric%20Bellinger,https://music.youtube.com/search?q=Second+Hand+Smoke+Sage+the+Gemini+feat.+Eric+Bellinger,https://musicbrainz.org/search?query=Remember+Me&type=release_group&method=indexed,[]
87,Show and Tell,Sammie feat. Eric Bellinger,Sammie,Coming of Age,,needs_api_verification,https://music.apple.com/us/search?term=Show+and+Tell+Sammie+feat.+Eric+Bellinger,https://open.spotify.com/search/Show%20and%20Tell%20Sammie%20feat.%20Eric%20Bellinger,https://music.youtube.com/search?q=Show+and+Tell+Sammie+feat.+Eric+Bellinger,https://musicbrainz.org/search?query=Coming+of+Age&type=release_group&method=indexed,[]
88,Slide,MarMar Oso feat. Eric Bellinger,MarMar Oso,Marvin’s Room,USUYG1327344,needs_api_verification,https://music.apple.com/us/search?term=Slide+MarMar+Oso+feat.+Eric+Bellinger,https://open.spotify.com/search/Slide%20MarMar%20Oso%20feat.%20Eric%20Bellinger,https://music.youtube.com/search?q=Slide+MarMar+Oso+feat.+Eric+Bellinger,https://musicbrainz.org/search?query=Marvin%E2%80%99s+Room&type=release_group&method=indexed,[]
89,Slip & Fall,Elhae feat. Eric Bellinger,Elhae,AURA II,,needs_api_verification,https://music.apple.com/us/search?term=Slip+%26+Fall+Elhae+feat.+Eric+Bellinger,https://open.spotify.com/search/Slip%20%26%20Fall%20Elhae%20feat.%20Eric%20Bellinger,https://music.youtube.com/search?q=Slip+%26+Fall+Elhae+feat.+Eric+Bellinger,https://musicbrainz.org/search?query=AURA+II&type=release_group&method=indexed,[]
90,Status,Audio Push feat. Eric Bellinger,Audio Push,Cloud 909,,needs_api_verification,https://music.apple.com/us/search?term=Status+Audio+Push+feat.+Eric+Bellinger,https://open.spotify.com/search/Status%20Audio%20Push%20feat.%20Eric%20Bellinger,https://music.youtube.com/search?q=Status+Audio+Push+feat.+Eric+Bellinger,https://musicbrainz.org/search?query=Cloud+909&type=release_group&method=indexed,[]
91,Stay Away,E-40 feat. Eric Bellinger,E-40,"The D-Boy Diary (deluxe edition) | The D-Boy Diary, Book 1",US4KV1600030,needs_api_verification,https://music.apple.com/us/search?term=Stay+Away+E-40+feat.+Eric+Bellinger,https://open.spotify.com/search/Stay%20Away%20E-40%20feat.%20Eric%20Bellinger,https://music.youtube.com/search?q=Stay+Away+E-40+feat.+Eric+Bellinger,https://musicbrainz.org/search?query=The+D-Boy+Diary+%28deluxe+edition%29&type=release_group&method=indexed,[]
92,Survivor's Remorse,"Smoke DZA feat. Dom Kennedy, Jay 305 & Eric Bellinger",Smoke DZA,Homegrown,QMKSC1901216,needs_api_verification,https://music.apple.com/us/search?term=Survivor%27s+Remorse+Smoke+DZA+feat.+Dom+Kennedy%2C+Jay+305+%26+Eric+Bellinger,https://open.spotify.com/search/Survivor%27s%20Remorse%20Smoke%20DZA%20feat.%20Dom%20Kennedy%2C%20Jay%20305%20%26%20Eric%20Bellinger,https://music.youtube.com/search?q=Survivor%27s+Remorse+Smoke+DZA+feat.+Dom+Kennedy%2C+Jay+305+%26+Eric+Bellinger,https://musicbrainz.org/search?query=Homegrown&type=release_group&method=indexed,[]
93,Tables Turn,Beanz feat. Eric Bellinger,Beanz,Tables Turn,,needs_api_verification,https://music.apple.com/us/search?term=Tables+Turn+Beanz+feat.+Eric+Bellinger,https://open.spotify.com/search/Tables%20Turn%20Beanz%20feat.%20Eric%20Bellinger,https://music.youtube.com/search?q=Tables+Turn+Beanz+feat.+Eric+Bellinger,https://musicbrainz.org/search?query=Tables+Turn&type=release_group&method=indexed,[]
94,Taboo,Queen Naija & Eric Bellinger,Queen Naija,After the Butterflies,USUG12309402,needs_api_verification,https://music.apple.com/us/search?term=Taboo+Queen+Naija+%26+Eric+Bellinger,https://open.spotify.com/search/Taboo%20Queen%20Naija%20%26%20Eric%20Bellinger,https://music.youtube.com/search?q=Taboo+Queen+Naija+%26+Eric+Bellinger,https://musicbrainz.org/search?query=After+the+Butterflies&type=release_group&method=indexed,[]
95,Taboo,Queen Naija feat. Eric Bellinger,Queen Naija,After the Butterflies,USUG12205904,needs_api_verification,https://music.apple.com/us/search?term=Taboo+Queen+Naija+feat.+Eric+Bellinger,https://open.spotify.com/search/Taboo%20Queen%20Naija%20feat.%20Eric%20Bellinger,https://music.youtube.com/search?q=Taboo+Queen+Naija+feat.+Eric+Bellinger,https://musicbrainz.org/search?query=After+the+Butterflies&type=release_group&method=indexed,[]
96,The One,Connie Diiamond feat. Fabolous & Eric Bellinger,Connie Diiamond,Underdog Szn 2,,needs_api_verification,https://music.apple.com/us/search?term=The+One+Connie+Diiamond+feat.+Fabolous+%26+Eric+Bellinger,https://open.spotify.com/search/The%20One%20Connie%20Diiamond%20feat.%20Fabolous%20%26%20Eric%20Bellinger,https://music.youtube.com/search?q=The+One+Connie+Diiamond+feat.+Fabolous+%26+Eric+Bellinger,https://musicbrainz.org/search?query=Underdog+Szn+2&type=release_group&method=indexed,[]
97,Treat Yourself,Wale feat. Eric Bellinger,Wale,Before I SHINE,,needs_api_verification,https://music.apple.com/us/search?term=Treat+Yourself+Wale+feat.+Eric+Bellinger,https://open.spotify.com/search/Treat%20Yourself%20Wale%20feat.%20Eric%20Bellinger,https://music.youtube.com/search?q=Treat+Yourself+Wale+feat.+Eric+Bellinger,https://musicbrainz.org/search?query=Before+I+SHINE&type=release_group&method=indexed,[]
98,Trippin' on Me,Travis Scott feat. Eric Bellinger,Travis Scott,TRAVI$ LA FLAME,,needs_api_verification,https://music.apple.com/us/search?term=Trippin%27+on+Me+Travis+Scott+feat.+Eric+Bellinger,https://open.spotify.com/search/Trippin%27%20on%20Me%20Travis%20Scott%20feat.%20Eric%20Bellinger,https://music.youtube.com/search?q=Trippin%27+on+Me+Travis+Scott+feat.+Eric+Bellinger,https://musicbrainz.org/search?query=TRAVI%24+LA+FLAME&type=release_group&method=indexed,[]
99,Type of Day,BJ the Chicago Kid feat. Eric Bellinger,BJ the Chicago Kid,4 Am,,needs_api_verification,https://music.apple.com/us/search?term=Type+of+Day+BJ+the+Chicago+Kid+feat.+Eric+Bellinger,https://open.spotify.com/search/Type%20of%20Day%20BJ%20the%20Chicago%20Kid%20feat.%20Eric%20Bellinger,https://music.youtube.com/search?q=Type+of+Day+BJ+the+Chicago+Kid+feat.+Eric+Bellinger,https://musicbrainz.org/search?query=4+Am&type=release_group&method=indexed,[]
100,Unfollow,Victor Oladipo feat. Eric Bellinger,Victor Oladipo,Songs for You,USUYG1162058,needs_api_verification,https://music.apple.com/us/search?term=Unfollow+Victor+Oladipo+feat.+Eric+Bellinger,https://open.spotify.com/search/Unfollow%20Victor%20Oladipo%20feat.%20Eric%20Bellinger,https://music.youtube.com/search?q=Unfollow+Victor+Oladipo+feat.+Eric+Bellinger,https://musicbrainz.org/search?query=Songs+for+You&type=release_group&method=indexed,[]
101,Used 2,"Daz Dillinger, Kurupt & Dogg Pound feat. Eric Bellinger",Daz Dillinger,DPG 4 Life,,needs_api_verification,https://music.apple.com/us/search?term=Used+2+Daz+Dillinger%2C+Kurupt+%26+Dogg+Pound+feat.+Eric+Bellinger,https://open.spotify.com/search/Used%202%20Daz%20Dillinger%2C%20Kurupt%20%26%20Dogg%20Pound%20feat.%20Eric%20Bellinger,https://music.youtube.com/search?q=Used+2+Daz+Dillinger%2C+Kurupt+%26+Dogg+Pound+feat.+Eric+Bellinger,https://musicbrainz.org/search?query=DPG+4+Life&type=release_group&method=indexed,[]
102,Welcome to My City,"AI feat. Junior Reid, Eric Bellinger",AI,和と洋 | Self Selection ‘Hip Hop’ | BEST OF COLLABO Vol.2,JPPO01702704,needs_api_verification,https://music.apple.com/us/search?term=Welcome+to+My+City+AI+feat.+Junior+Reid%2C+Eric+Bellinger,https://open.spotify.com/search/Welcome%20to%20My%20City%20AI%20feat.%20Junior%20Reid%2C%20Eric%20Bellinger,https://music.youtube.com/search?q=Welcome+to+My+City+AI+feat.+Junior+Reid%2C+Eric+Bellinger,https://musicbrainz.org/search?query=%E5%92%8C%E3%81%A8%E6%B4%8B&type=release_group&method=indexed,[]
103,What It Is,Freddie Gibbs feat. Iamsu! & Eric Bellinger,Freddie Gibbs,Hot This Week 19,,needs_api_verification,https://music.apple.com/us/search?term=What+It+Is+Freddie+Gibbs+feat.+Iamsu%21+%26+Eric+Bellinger,https://open.spotify.com/search/What%20It%20Is%20Freddie%20Gibbs%20feat.%20Iamsu%21%20%26%20Eric%20Bellinger,https://music.youtube.com/search?q=What+It+Is+Freddie+Gibbs+feat.+Iamsu%21+%26+Eric+Bellinger,https://musicbrainz.org/search?query=Hot+This+Week+19&type=release_group&method=indexed,[]
104,Whatever,Ashlyne Huff feat. Eric Bellinger,Ashlyne Huff,"Promo Only: Mainstream Radio, July 2011",,needs_api_verification,https://music.apple.com/us/search?term=Whatever+Ashlyne+Huff+feat.+Eric+Bellinger,https://open.spotify.com/search/Whatever%20Ashlyne%20Huff%20feat.%20Eric%20Bellinger,https://music.youtube.com/search?q=Whatever+Ashlyne+Huff+feat.+Eric+Bellinger,https://musicbrainz.org/search?query=Promo+Only%3A+Mainstream+Radio%2C+July+2011&type=release_group&method=indexed,[]
105,Whatever,Ashlyne Huff feat. Eric Bellinger,Ashlyne Huff,Let It Out,,needs_api_verification,https://music.apple.com/us/search?term=Whatever+Ashlyne+Huff+feat.+Eric+Bellinger,https://open.spotify.com/search/Whatever%20Ashlyne%20Huff%20feat.%20Eric%20Bellinger,https://music.youtube.com/search?q=Whatever+Ashlyne+Huff+feat.+Eric+Bellinger,https://musicbrainz.org/search?query=Let+It+Out&type=release_group&method=indexed,[]
106,Where Do We Go,Joe Budden feat. Eric Bellinger,Joe Budden,All Love Lost,,needs_api_verification,https://music.apple.com/us/search?term=Where+Do+We+Go+Joe+Budden+feat.+Eric+Bellinger,https://open.spotify.com/search/Where%20Do%20We%20Go%20Joe%20Budden%20feat.%20Eric%20Bellinger,https://music.youtube.com/search?q=Where+Do+We+Go+Joe+Budden+feat.+Eric+Bellinger,https://musicbrainz.org/search?query=All+Love+Lost&type=release_group&method=indexed,[]
107,Where Do We Go,Joe Budden feat. Eric Bellinger,Joe Budden,Hot This Week 25,,needs_api_verification,https://music.apple.com/us/search?term=Where+Do+We+Go+Joe+Budden+feat.+Eric+Bellinger,https://open.spotify.com/search/Where%20Do%20We%20Go%20Joe%20Budden%20feat.%20Eric%20Bellinger,https://music.youtube.com/search?q=Where+Do+We+Go+Joe+Budden+feat.+Eric+Bellinger,https://musicbrainz.org/search?query=Hot+This+Week+25&type=release_group&method=indexed,[]
108,Women of Los Angeles,Wale feat. Eric Bellinger,Wale,"Summer on Sunset | Summer on Sunset, Vol. 1",,needs_api_verification,https://music.apple.com/us/search?term=Women+of+Los+Angeles+Wale+feat.+Eric+Bellinger,https://open.spotify.com/search/Women%20of%20Los%20Angeles%20Wale%20feat.%20Eric%20Bellinger,https://music.youtube.com/search?q=Women+of+Los+Angeles+Wale+feat.+Eric+Bellinger,https://musicbrainz.org/search?query=Summer+on+Sunset&type=release_group&method=indexed,[]
109,World is One 2021,Chuu & Kim Yo Han feat. Eric Bellinger,Chuu,World is One 2021,KRF632103974,needs_api_verification,https://music.apple.com/us/search?term=World+is+One+2021+Chuu+%26+Kim+Yo+Han+feat.+Eric+Bellinger,https://open.spotify.com/search/World%20is%20One%202021%20Chuu%20%26%20Kim%20Yo%20Han%20feat.%20Eric%20Bellinger,https://music.youtube.com/search?q=World+is+One+2021+Chuu+%26+Kim+Yo+Han+feat.+Eric+Bellinger,https://musicbrainz.org/search?query=World+is+One+2021&type=release_group&method=indexed,[]
110,YAK (You Already Know),Da Brat feat. Sage the Gemini & Eric Bellinger,Da Brat,Hot This Week 35,,needs_api_verification,https://music.apple.com/us/search?term=YAK+%28You+Already+Know%29+Da+Brat+feat.+Sage+the+Gemini+%26+Eric+Bellinger,https://open.spotify.com/search/YAK%20%28You%20Already%20Know%29%20Da%20Brat%20feat.%20Sage%20the%20Gemini%20%26%20Eric%20Bellinger,https://music.youtube.com/search?q=YAK+%28You+Already+Know%29+Da+Brat+feat.+Sage+the+Gemini+%26+Eric+Bellinger,https://musicbrainz.org/search?query=Hot+This+Week+35&type=release_group&method=indexed,[]
111,Yaya,Bobby Brackins feat. Eric Bellinger,Bobby Brackins,To Live For,USUYG1093103,needs_api_verification,https://music.apple.com/us/search?term=Yaya+Bobby+Brackins+feat.+Eric+Bellinger,https://open.spotify.com/search/Yaya%20Bobby%20Brackins%20feat.%20Eric%20Bellinger,https://music.youtube.com/search?q=Yaya+Bobby+Brackins+feat.+Eric+Bellinger,https://musicbrainz.org/search?query=To+Live+For&type=release_group&method=indexed,[]
112,ZONE,EARTHGANG & Spillage Village feat. Eric Bellinger,EARTHGANG,PERFECT FANTASY,QZNMW2440910,needs_api_verification,https://music.apple.com/us/search?term=ZONE+EARTHGANG+%26+Spillage+Village+feat.+Eric+Bellinger,https://open.spotify.com/search/ZONE%20EARTHGANG%20%26%20Spillage%20Village%20feat.%20Eric%20Bellinger,https://music.youtube.com/search?q=ZONE+EARTHGANG+%26+Spillage+Village+feat.+Eric+Bellinger,https://musicbrainz.org/search?query=PERFECT+FANTASY&type=release_group&method=indexed,[]
